-3.3108241944671035, -6.21478818829815, 1
-4.440269675480326, -6.137394602138096, 1
5.660897846134288, 5.791016239944461, 0
6.891288346177163, 5.934788935706261, 0
-5.2797628510794805, -6.093257354653349, 1
-4.265768934366115, -4.459141173163449, 1
3.6621119735586496, 5.187121948634166, 0
6.580126633634306, 5.4788251784902045, 0
-3.837172086516393, -5.938514071698861, 1
5.323536045251807, 6.24897837431342, 0
-5.453974655226854, -5.002608458322784, 1
5.350883193346721, 4.146065253860644, 0
-4.942690718918259, -4.790969154274463, 1
-3.698982908194674, -6.278549013553126, 1
4.245828202198219, 5.20518973228075, 0
4.745479515791253, 4.7845011761222915, 0
-4.456373225821491, -3.5097356406645037, 1
-5.870853099818865, -5.261962502646535, 1
-3.6652453681662394, -5.26409649237125, 1
-3.9109292975181242, -4.269976319363283, 1
-5.36680116251968, -4.619883390667914, 1
-2.1426556768706657, -6.1497606695971445, 1
6.989876969007502, 3.9023161251293033, 0
-6.020003262616976, -5.321552318985267, 1
-3.5474709965831375, -6.010156525570807, 1
-5.070192819126131, -4.449282348196779, 1
-5.864541648727982, -5.865629785430312, 1
-5.045460097744072, -5.6891979827186505, 1
5.15005609949821, 3.230300896739185, 0
-5.169163147977141, -3.41065271620901, 1
-5.418642467547299, -4.650613805939887, 1
-4.870275192477817, -6.584022745300512, 1
-4.900489421071049, -3.9105027325145825, 1
-5.176957805235977, -5.035158006673013, 1
4.8551109948553055, 6.281644620486052, 0
5.278926209205484, 4.636894035238397, 0
4.826333309665615, 5.41229214885886, 0
-2.0571304496809635, -4.594758485659663, 1
4.805732505497765, 6.124965843207806, 0
3.7924358569023084, 4.996789991001765, 0
4.5830685653258945, 5.429995732313743, 0
-4.128579553429241, -5.963700665386426, 1
-4.445595451383544, -6.785803687290599, 1
5.002306167266133, 5.728553932789887, 0
-4.977743237516905, -4.845651321842602, 1
4.872983212698922, 5.56630280736438, 0
5.019169735170374, 4.228082015848612, 0
-5.358495177000868, -4.415803870119055, 1
4.614673926504765, 4.865198885585391, 0
4.997215145717568, 3.0166319902802137, 0
3.7115367601532565, 6.122321280925972, 0
6.605872541245285, 4.479909994054933, 0
5.572468040575107, 6.292971197015864, 0
3.054214848173335, 4.6593244968984315, 0
6.431793237606334, 4.099367298201397, 0
6.280265564494175, 4.602016002518215, 0
5.426586870768905, 4.209226685234129, 0
-4.3351113140207325, -3.677993265134237, 1
-5.683167626224963, -4.835608387701413, 1
3.4791434404841697, 6.6466313318024675, 0
6.423237264882785, 5.63362214974085, 0
-4.880408512529571, -4.4873548778127565, 1
-3.801999515747724, -6.103052546723265, 1
-3.32698062336988, -5.979323244124535, 1
7.798540634963762, 4.51998859001208, 0
-5.435013342559987, -5.861746043983782, 1
4.885627612320686, 5.898396662665212, 0
-5.017256388292179, -3.9132218459333172, 1
4.222542911896134, 5.5841981085359755, 0
5.161179653539269, 6.081524686924942, 0
5.43072457436064, 5.493220886780852, 0
-4.407576824722187, -7.410445989308222, 1
4.049471308091403, 6.630789626844185, 0
-4.787464553139333, -6.271059923304846, 1
-5.1155057848994625, -4.30552491790764, 1
4.43357122449115, 4.350102523150687, 0
6.221001074228397, 6.528285605041093, 0
-3.9892593805695267, -5.693193789318015, 1
4.369668088449642, 5.216513233800218, 0
4.768386393744897, 4.5811769378971166, 0
-4.344068708900686, -5.455418056572067, 1
5.911933879630935, 4.670651377803476, 0
4.164331246669143, 7.265622348994119, 0
3.195733558624342, 3.749263572200438, 0
-3.960404260528148, -6.164324420903358, 1
-3.147738819993303, -3.645782245699217, 1
-4.237737685684271, -4.843544833441868, 1
6.484398428852798, 5.829287161410241, 0
-3.849492181703355, -6.660660627969422, 1
-5.504527876747698, -5.14215912799697, 1
5.107680627346664, 5.142389602925324, 0
-4.306100857527411, -4.0777076954429825, 1
-4.067093144358637, -4.4989930047461195, 1
6.191919052506208, 3.8022402721358617, 0
5.649358874210648, 4.977059284213174, 0
-4.153665451506708, -5.369947145266728, 1
5.37424010356071, 5.042914538647256, 0
-7.012907182247673, -4.877027142863521, 1
-4.092759474801654, -2.6621669014634213, 1
3.821423890305608, 3.8374235424772603, 0
-5.176831349096745, -5.980640144124067, 1
3.8403602500424263, 4.515530339941015, 0
7.270589010808269, 5.240657570215185, 0
5.111844035969838, 4.03277678796832, 0
3.558133477064369, 4.834034358968176, 0
5.697879554471966, 4.538549286228653, 0
4.670479167030969, 5.125989560072503, 0
6.191424505213789, 6.320705473961938, 0
5.6746980298637935, 4.537326760765289, 0
5.1436457924468675, 4.433435190355294, 0
5.041098346964581, 5.672330046339494, 0
-6.3656684628124545, -4.221207552895847, 1
5.6544213111076935, 3.8826220637649955, 0
4.480630191004217, 6.399365994571393, 0
4.333843537762792, 4.359483864156163, 0
5.607832357314226, 7.098041358413797, 0
-6.285288699374662, -4.561914345026246, 1
-5.882117071164101, -4.507181895213801, 1
4.918058368353149, 6.0786027698218845, 0
6.135437215374067, 5.628478804905114, 0
5.660129499580545, 4.79596123291084, 0
-4.152612767858346, -4.6885976576988515, 1
3.7796657723590275, 6.6226330488976854, 0
-4.7115914270137775, -6.829147545038694, 1
4.225715971368233, 4.732768410552109, 0
-5.24886775378899, -4.711154120542417, 1
4.875333370421237, 6.334035734507741, 0
-3.8665725236046184, -5.409735410485428, 1
-5.603695084236577, -5.373599391101308, 1
-5.633892276503471, -5.615253232392454, 1
-5.221496844207087, -5.686639410717975, 1
2.5146999982179667, 3.1105131524322136, 0
-6.023001679938327, -5.532293672389422, 1
-3.4771816907550472, -4.6641897872606455, 1
-6.598328507521323, -4.869812611970329, 1
-4.7043434761435075, -5.376106326440958, 1
7.036557464362408, 5.167927325615498, 0
-4.69343697561671, -4.017535089001178, 1
-4.672371942935172, -4.206513838868625, 1
-5.549569584729545, -6.623789243631178, 1
-4.531698498118642, -6.815482759685221, 1
-5.955957549972158, -3.1702633402814544, 1
2.7659219061855826, 6.817981893022011, 0
-4.016735195136109, -4.283245617645116, 1
-6.235494732043906, -5.395278988314123, 1
6.020806366325401, 4.163412011389009, 0
-5.800110287588177, -3.89520838760554, 1
-5.378891346784277, -3.297731465755427, 1
5.232198105385854, 5.360012789577356, 0
-4.747992075153472, -5.196536968434871, 1
-4.616178376884722, -6.044576763793907, 1
4.633528314911791, 5.416773444450936, 0
-4.515922631101897, -4.801690130595862, 1
3.7098981648246263, 3.0194281147112587, 0
5.70599849219576, 5.097880544241937, 0
-5.012251676735253, -4.0752336785827, 1
4.776409596034755, 4.248371797897702, 0
-7.066588917043296, -4.910038544599266, 1
6.648120014601103, 5.987759084023463, 0
5.342928722461917, 4.635858688133966, 0
-5.616973343951948, -6.701377123219231, 1
-4.006141971000646, -6.475971223678747, 1
4.193575469869803, 5.706235504931033, 0
-3.189548096803759, -2.287768126180811, 1
7.190665932502454, 4.661691511297687, 0
-3.5092846734409937, -4.014433169311645, 1
-5.530302372573043, -5.3742650348577685, 1
4.8612370267626, 4.607600100332761, 0
-5.093086263605288, -5.667751123892382, 1
5.061413350498495, 4.195517268708176, 0
4.230719889770345, 3.877655781780578, 0
7.1424537765506635, 4.267316249049292, 0
-1.7230186421121823, -3.598989974532094, 1
-6.409189511953941, -5.481782314642307, 1
-4.826087149934138, -5.252750247087485, 1
5.783725722245849, 3.049020312989546, 0
4.608885075458792, 5.121889383734731, 0
2.8779890663458545, 5.0570981638275185, 0
3.6016575763579564, 4.60687747557676, 0
5.315943663103604, 3.0758973737663533, 0
-6.697258174318373, -4.515974991186535, 1
5.972807533799126, 5.361141441387364, 0
-4.7383347815384935, -5.05115841435925, 1
4.77314580329366, 3.1736054832600082, 0
5.293967490146552, 3.610831464395592, 0
5.206932470254072, 4.017812626456942, 0
-6.2291719197888895, -5.357964460267398, 1
4.5883022086979315, 5.521936536854396, 0
-5.029366644944133, -5.507901483339892, 1
-3.5623764390721755, -5.0909537118332535, 1
3.8233803549837084, 6.269109544518669, 0
-5.178471409207519, -4.3582299623805945, 1
6.565545074617172, 3.9814541514204285, 0
-5.189529260026514, -4.443477010899548, 1
4.522236245059014, 5.342950042876559, 0
4.596142163233831, 4.950323918758707, 0
-5.768328941491285, -4.671993934083868, 1
-5.859909040295028, -6.1988172483432935, 1
5.445317306605953, 4.439282318372587, 0
-5.255158849795153, -6.566984132106502, 1
-5.62079372136707, -4.577334076770092, 1
4.93138198649657, 5.511602686987294, 0
-4.720054343369484, -6.424592339903231, 1
-4.775875707219653, -5.36341000747919, 1
5.425849976180294, 4.768589536296256, 0
-7.186347619145565, -4.112151912752443, 1
-5.469459235705556, -4.505883642684784, 1
-4.7528245286555455, -5.238521855448381, 1
-4.415248235143206, -3.833108631256485, 1
-4.644983590803905, -4.385648528015039, 1
4.548382190842605, 4.974206630487572, 0
6.227293046790273, 5.211732082216422, 0
6.400467988387801, 6.029053549976759, 0
-4.955402850036311, -5.177623540042718, 1
-4.586871474220307, -3.8432543467795837, 1
-5.361857788658133, -4.4295339271292695, 1
-6.004640582508494, -6.2561899560640555, 1
-7.487379071520245, -5.511640818660175, 1
-4.981439706184854, -4.873342620422819, 1
5.962101300717556, 4.11474106774796, 0
5.9972853005514155, 6.599377992293957, 0
-5.265507857518225, -4.414751447335971, 1
-5.999991804676185, -3.971030082719876, 1
-5.041777817872673, -5.301254229898738, 1
6.919105260172281, 4.966692467611798, 0
4.5583443933336625, 5.261494189933831, 0
-5.310013510214814, -4.243243717076885, 1
-6.281562265549377, -5.821253451724652, 1
5.833997134442535, 4.786682401209287, 0
4.153990246684466, 4.284674016178559, 0
-2.842284168119838, -4.194447222848448, 1
5.04345313563169, 5.147158677851206, 0
-4.091034605459241, -3.5285088820606894, 1
5.319336755049748, 6.634200998791198, 0
-4.17716629461438, -4.2296085433831445, 1
-4.758715842598738, -4.250150486243798, 1
-4.527058051640097, -4.740641261397786, 1
-6.727792190386312, -6.030921796964274, 1
-5.480656277703701, -4.360782619496295, 1
-5.893679516872113, -7.657945858546475, 1
3.4861002555432683, 6.3342812877649575, 0
4.240908746302277, 6.359584756599653, 0
-5.356094516065076, -5.627893267564482, 1
3.7728321752960623, 6.289600264808569, 0
-4.044321771844107, -3.228590737778566, 1
4.798154781896504, 3.9803213934428676, 0
4.734489206462489, 5.538305288779786, 0
-3.443233361897411, -5.012567426157038, 1
4.912596248348574, 5.56903202701319, 0
-2.8394529584495327, -5.134133619709823, 1
4.667147326297101, 5.59955305067254, 0
3.2107498644075028, 4.032485271474706, 0
2.7525293636727386, 5.34512360408093, 0
6.928430727274817, 5.362223649920998, 0
-4.271837243309617, -5.654650829405653, 1
4.419010795921176, 6.055292047215176, 0
-3.990070655619527, -4.475501745820046, 1
7.024233092328169, 4.1784758791742656, 0
4.168051699453348, 5.142919920718803, 0
6.720043851063501, 4.251744149316638, 0
-6.203050885894482, -5.852825829345652, 1
-6.146025934947013, -5.881390711133817, 1
5.330061263097273, 3.1239710941563503, 0
4.682666347963584, 5.468424134208627, 0
3.7182373803217343, 5.633497999800634, 0
-5.826369920304292, -5.192194716301133, 1
-3.1266566122316566, -6.066612846287744, 1
-5.998213012547094, -5.587480659736687, 1
4.316069351931605, 6.462016658241497, 0
-5.584590439404343, -4.066962498277823, 1
-4.811034187097012, -5.4568838796789265, 1
-5.067992594111811, -4.23504296677943, 1
3.6463468309191436, 6.343069787422169, 0
-4.559842775508066, -2.742752060238383, 1
-4.588385944663183, -4.404481193951121, 1
4.8524887832478525, 4.158093361047818, 0
-2.977684273249707, -4.497524180390402, 1
-6.193944140143971, -4.782537466372473, 1
-5.5297354234333564, -5.244892342888761, 1
-5.498508704285516, -4.411062026735495, 1
6.288286477858741, 5.457882462086277, 0
6.150656086354263, 6.460348006940621, 0
-5.457344344971535, -4.6112192506534315, 1
3.956293466542622, 4.369191481006434, 0
6.72330239973483, 6.041910992047793, 0
4.528341928221275, 4.810122768628505, 0
6.612271985298691, 4.7239350143819125, 0
-4.8480093663509605, -3.6418894635469794, 1
5.836237912558647, 5.136209586306541, 0
4.024364152928365, 4.822742788157293, 0
2.7062349980172224, 5.319351090037317, 0
-4.563084390825605, -7.330420581909074, 1
3.5561314449021353, 6.227759573715938, 0
4.998640726081554, 5.010481420834763, 0
4.416462926111117, 5.628176796361843, 0
6.447744576436561, 5.211793698689972, 0
3.893572823589886, 5.208370059937052, 0
6.275182815345373, 5.439238545011667, 0
4.696755640044785, 3.7121461094768047, 0
-4.260592379298297, -5.570797266562812, 1
-3.998873754030181, -4.718029503924797, 1
-4.292248696347079, -4.180300268794015, 1
-3.6542490213176575, -6.193014789983943, 1
6.439323724703009, 4.536769591166743, 0
-5.08174584002851, -4.971663030649577, 1
4.672639771910265, 5.770778108382388, 0
-4.510999506532544, -5.687413001049984, 1
-5.06356895533085, -5.909454294188112, 1
-5.2202763557634375, -4.552501271838189, 1
4.5937650210059795, 5.6252358186445095, 0
-4.866639900722669, -5.458014894683381, 1
-4.619654623072787, -4.246688655182829, 1
5.032750919290363, 6.573810870857359, 0
-3.430209283772078, -7.454252113931693, 1
5.029445506892263, 6.598075081826539, 0
4.806860682795852, 6.1390505973801215, 0
-6.13682651185092, -6.845465768338881, 1
-5.982981684160565, -4.375712586940656, 1
4.57920389124023, 6.417780015868947, 0
-5.202017101045985, -5.725535775291151, 1
3.9115422820272614, 5.594428779954237, 0
6.153592723152658, 5.395862228815702, 0
3.0124655029827263, 5.082603718046302, 0
3.402988164989356, 5.029747681425976, 0
6.092475536644805, 5.499918291797441, 0
3.5022584541839787, 4.2319457313971895, 0
6.657894474944648, 4.101411560157854, 0
-2.873359183011734, -4.905861834193833, 1
-4.5535643070868375, -4.6266306010377765, 1
3.264295241786094, 4.084281019231093, 0
5.154892633200832, 5.636694905684, 0
-5.965859371417436, -3.3682731254673395, 1
6.944121405184104, 6.693807805555379, 0
6.192447343278086, 4.6021702130246345, 0
-5.7429775852051055, -4.12795416423269, 1
-5.658843015155059, -4.831542950705853, 1
6.654937596770786, 4.936116396378651, 0
5.516050804336664, 4.149548572701973, 0
4.265393897814778, 3.6319206310258436, 0
-5.8064229441450985, -4.0882551423746705, 1
-6.771827011284572, -4.802329675154251, 1
-6.931004873846541, -6.495523484592795, 1
4.187297092026407, 6.3800907840958825, 0
-3.243317556818315, -4.5084223768953136, 1
-6.149335510947935, -7.176955853435393, 1
5.151551814051208, 5.286826432219529, 0
5.597589993857233, 4.7242063850427405, 0
-6.057483015265978, -3.043085081140476, 1
-4.673439925540809, -3.5865939967807714, 1
4.058939089750103, 4.97463988786395, 0
-5.7650548819063445, -4.598932097634016, 1
-4.319516655848675, -4.273364870346431, 1
5.599378780330698, 3.9374637376336685, 0
-6.829139232596229, -6.081551848726724, 1
-5.258001581615286, -4.63306152686369, 1
-4.747185983701059, -5.803985027018264, 1
6.272760135322788, 5.538905478092982, 0
-3.7644903102329796, -5.031285390033018, 1
4.510038763658288, 4.762535157781214, 0
3.1647598836939324, 4.7636249809940905, 0
4.017850501518637, 5.399744480198387, 0
5.209970346329703, 5.340526279959894, 0
4.762008984841406, 3.8377609720168193, 0
-4.918558450243921, -5.10579923807944, 1
-6.165459780556863, -4.366098708717937, 1
-6.213826103609243, -5.239301901526182, 1
7.194752037880823, 5.353527267533471, 0
5.201399488753466, 3.276598716613216, 0
3.8896314430388594, 6.263105028570223, 0
4.4254279873423465, 4.2294724913014425, 0
5.235579877661617, 3.488289392084354, 0
-5.808662592719312, -5.80225502557283, 1
-5.773484494016242, -5.428821848932991, 1
5.047680544448932, 5.344908025599273, 0
7.17629342127654, 4.277248340683501, 0
4.374428912069788, 5.362588065442649, 0
-5.254357698445712, -5.968136128036841, 1
-5.782897833045059, -3.9894159743529576, 1
-5.803564154264967, -6.069905335326153, 1
-4.725845703616846, -4.7539671668128705, 1
5.2658189281534575, 5.926776963945244, 0
5.616579697393401, 5.2277115673480035, 0
-7.113079216293929, -5.876672708495247, 1
-4.835659834657074, -4.436771190075666, 1
5.184205743052287, 5.012263499619491, 0
-4.892826269418266, -4.940531985929452, 1
-3.961235822193504, -4.932781858710372, 1
5.158124983493997, 5.7898589895979535, 0
5.600692663761487, 4.353155964007196, 0
-5.510352842265137, -4.463377277729659, 1
4.123641511045473, 5.0941684150654325, 0
-4.641066564256002, -5.3478639255893174, 1
-6.111453661652165, -5.912715049882339, 1
4.066918768261767, 4.2903313171896444, 0
-5.234627349453891, -4.942123165758518, 1
-4.898863184397275, -3.6983873914560386, 1
-6.829845697879273, -5.972163820967036, 1
-5.09688223991276, -3.724864829178996, 1
6.14665624114186, 5.035652567202761, 0
3.8746054091484936, 5.517993527009878, 0
-6.479103384449447, -3.5898282459352457, 1
-5.006323819098671, -4.491971393714455, 1
4.62440640480544, 6.030273234864151, 0
2.8241659069563507, 3.4694825889150156, 0
-5.818794057068382, -5.449805795246328, 1
-6.303471729274852, -3.881540842569768, 1
6.144631782648822, 5.284751539406675, 0
-5.9204198831638655, -4.417896263641747, 1
4.805806625675766, 4.8654132998253, 0
-6.206491794471242, -5.205891977138029, 1
4.087714046674779, 4.275651167887222, 0
-4.741149716922723, -5.716944599351807, 1
-6.073593279255731, -4.331077993635631, 1
5.774401032660752, 5.996516072270337, 0
4.9454550231553345, 5.816647807433283, 0
3.8866784452379695, 5.674879389744596, 0
-3.0847430818803607, -5.314529090215769, 1
6.264594088448407, 4.370896600260379, 0
-3.4094267586687743, -5.345927172156232, 1
6.376874258552616, 4.194921015512016, 0
5.500092796798983, 4.616539314740402, 0
-4.6409251380265015, -3.6505907087463063, 1
-3.7905068982025814, -5.670849704377907, 1
-4.8742297046296565, -6.857064105333036, 1
-5.092849227365144, -3.3882886170331785, 1
6.007586372047619, 6.093539248277529, 0
4.426862406139091, 5.803853818264408, 0
3.7308519917138434, 5.134642682373221, 0
-5.0481613843456214, -7.665091658928458, 1
-4.689660939407898, -5.61199882596682, 1
6.326884356000356, 5.550851421392117, 0
-7.288808305878753, -5.989526095701136, 1
-6.890152614632147, -5.128398176888512, 1
-5.73047220930102, -4.700467123798095, 1
-5.850859348271037, -5.095793172962951, 1
5.030758536862358, 5.160405753377892, 0
-3.9145366652141202, -4.873914911638654, 1
5.297766048949227, 5.691245138782952, 0
6.258360776305614, 6.165567281680639, 0
6.158903242725881, 3.436957905247044, 0
5.120397894312653, 5.29540689203071, 0
-5.211064791942917, -6.131585230189855, 1
-4.708027911842024, -5.0502734213061276, 1
-3.863054528827255, -5.9222415855090205, 1
3.67200260433528, 5.7465208691995, 0
-3.4422300531463224, -5.740287593505823, 1
5.127077359716767, 4.2605599111980546, 0
-4.8043914841317985, -6.152925946457097, 1
4.473439767125721, 5.260393399037998, 0
-6.125048494392944, -3.1602649493189636, 1
5.759784985810527, 3.8614691402264487, 0
1.9692686288025607, 5.073243275503937, 0
-4.6811448226986005, -5.733120339337123, 1
3.5713901024479213, 3.6054474114901147, 0
-5.687462106063471, -6.457407397376725, 1
3.8397652003017964, 5.174783368937644, 0
-6.918580739659083, -5.640850133043523, 1
4.670122585063011, 5.6462494483293355, 0
4.764331869630341, 3.540698468439399, 0
4.6973468668809, 4.833850369894234, 0
5.650013648199672, 3.476852413153895, 0
5.6829777752402535, 5.330193482722516, 0
-4.894948421036303, -4.963649925840607, 1
-4.185780776017434, -5.195527117674386, 1
4.188823871200798, 6.088302675562172, 0
-4.8346765607284645, -5.292640966812259, 1
4.955066694090596, 4.715165607328337, 0
4.364337534277981, 5.1237987478179665, 0
4.357989271349431, 4.777865716646492, 0
4.701193125075361, 4.401635269064377, 0
6.534242222946563, 4.366417091580351, 0
4.916345855636644, 3.6017058909810675, 0
-3.649105719983209, -6.657306186824, 1
5.284036471946856, 5.287175912121676, 0
5.404747287713428, 2.2801755493529194, 0
-6.617978053243883, -5.127227567805841, 1
-3.8171015307329865, -7.296821957584898, 1
4.302211914734169, 3.3405563450654574, 0
-4.824557568408494, -6.284347770997947, 1
4.877676336081627, 4.1478463497864055, 0
-5.5686017606224105, -5.249565084684317, 1
4.817299090191082, 2.669620281035652, 0
-7.396897967423592, -3.5118403076695763, 1
-6.147940960079784, -4.936302368986884, 1
-4.512585489082708, -5.2059005731439365, 1
-4.335927489342838, -5.504565217049648, 1
-4.879326707956476, -5.09632406211581, 1
3.5053277141145553, 4.573193589818552, 0
-4.474100998616679, -6.952016249140607, 1
5.356110834390887, 3.243450977495211, 0
5.131589322169531, 4.704956497830693, 0
-4.884604897780464, -3.9443021993723084, 1
5.67452628152857, 4.6655822944136, 0
2.9814501329728493, 6.320471519144347, 0
5.454129733429936, 5.158851068607873, 0
4.1163185698236875, 5.366099963259875, 0
4.716191195562784, 6.197480877852548, 0
-5.7457017806581145, -5.244453032452728, 1
-3.992892861801855, -6.0410792543256395, 1
-5.010873343974473, -6.214879003194764, 1
4.146444228713038, 5.569161758689571, 0
6.12885609057951, 4.832435326822433, 0
-4.1192232129348, -4.125948896156651, 1
5.224229432487607, 5.939972662892621, 0
5.470959643547593, 3.0382477217314863, 0
-3.647382911533455, -4.921134774090015, 1
4.9116166547965046, 4.876990818160693, 0
-5.791283719178863, -3.7426428553620203, 1
-4.632808285511057, -4.545766314789591, 1
4.430113479627213, 3.9444501500227718, 0
-6.052885096374437, -4.778675008801651, 1
-7.634976992575814, -5.393917406596242, 1
3.3516533451208277, 5.825032472111341, 0
-5.929740121807983, -6.549410884092891, 1
5.91491352421567, 5.2346913694698065, 0
-5.391196124344912, -6.868635857719982, 1
5.385638145164716, 4.465039439237768, 0
4.703242941301876, 4.616871690064452, 0
-5.897180842937389, -3.199484828815426, 1
6.799423214014383, 6.713547131588645, 0
3.741718200499391, 6.198596163659153, 0
-5.496339041100073, -4.342652594318997, 1
-4.557663420459524, -4.818448779195364, 1
-5.149720565716029, -5.663945157125394, 1
-5.84313797132713, -4.659173194518165, 1
4.124638501741974, 5.46740308461056, 0
4.507457723296928, 2.80788461992374, 0
-6.6136064127931, -5.634558035157219, 1
-6.310023681459739, -5.091989051656753, 1
4.449446500391744, 3.6340736589666345, 0
-4.089400136630284, -3.9373258377737277, 1
-4.4779764860639695, -6.622605781372949, 1
-4.633662520476977, -6.108747350364101, 1
-2.5116749866143344, -4.9937302701410795, 1
4.518098433032697, 4.17246824079444, 0
-3.5919031221023037, -4.226640063458921, 1
-4.367961256329994, -4.994360681478269, 1
3.1828027290016303, 4.0580707412577395, 0
-5.009025597856325, -6.328626668198401, 1
-4.201625078607075, -7.4613754370769305, 1
-5.745670284851981, -3.49771406749309, 1
-3.4071864635909357, -5.494197257611411, 1
4.9371256172312945, 5.226771111575535, 0
-4.702465073943446, -4.976445632810943, 1
4.092447575966979, 5.079304085117389, 0
-5.840815408339331, -3.984042583388427, 1
6.672219110046326, 5.940854971485735, 0
5.13023764204134, 6.20196269156326, 0
3.4151228053789033, 4.068595039756042, 0
6.604782471917827, 6.439469732859108, 0
3.159429943621018, 3.7839601126043405, 0
-4.614734885528701, -6.139511958956926, 1
-4.438610644008005, -5.909553879090478, 1
-5.151357753800051, -4.732613053782775, 1
-4.7767409025959955, -4.332518758872815, 1
5.686017571226319, 3.7770641660111277, 0
-4.556714317208667, -4.171144949207312, 1
4.698792708893425, 5.874528988018638, 0
5.947579862051969, 6.224608310621676, 0
6.055785716193804, 5.029567581696141, 0
-4.649116508301325, -3.746837846701699, 1
6.162061306869627, 4.839921697447509, 0
6.183047615135411, 4.728512598132419, 0
6.2748941783495775, 5.7828041216725135, 0
5.50901934897251, 4.5303091619261115, 0
7.129644477319847, 5.075683200278862, 0
-5.564802820817026, -6.08012422635131, 1
-4.691726987631042, -4.729143846791008, 1
-4.5375450352286535, -4.955117387493511, 1
5.82109267768759, 3.295810200247669, 0
-3.9760225077024494, -5.675884742817752, 1
-4.335568179905702, -5.738772027145567, 1
-4.139472758345831, -4.498029821347789, 1
-3.536012302526711, -4.435445880982086, 1
-5.985758752092766, -6.173332895694742, 1
-4.260733095369863, -4.5248034452526245, 1
4.172620410147989, 6.447015430608692, 0
-5.113017459238232, -5.658880362907635, 1
5.925411783490856, 5.1292417537463475, 0
4.824189980234469, 5.766540775858905, 0
4.095274447244632, 4.703348221848246, 0
-5.909555951724264, -5.477575569366281, 1
5.268288100352943, 3.372023551403254, 0
-4.629745439394373, -5.247933659749723, 1
5.077963335274859, 6.326507670572182, 0
-4.475650262704539, -6.345677253795428, 1
4.1604123251939065, 4.797435566342147, 0
-5.146311447983306, -3.068412939575551, 1
5.354535379393925, 5.6738112494005595, 0
5.569070239746304, 5.880694572636485, 0
-4.971967788153904, -3.6297649757468324, 1
-7.630392593224176, -7.4141627193715225, 1
-6.127588135039156, -3.338126728942054, 1
-4.800992115833733, -4.170318981703585, 1
5.542803222913838, 4.87438098810867, 0
3.897337719001774, 4.432804056247057, 0
5.15006768879023, 4.633099099157249, 0
2.834977910889135, 5.120100029516249, 0
5.982002597844769, 6.5776545012102225, 0
-5.277724192787899, -5.418129383313466, 1
-5.335742203279437, -7.300291647529265, 1
3.803521809718661, 5.9696214049659115, 0
5.706617674841657, 3.2188033546636228, 0
-5.74700955174322, -5.1931697858851456, 1
-4.7294233140880495, -4.542645371160909, 1
4.455037278012286, 4.510786255872054, 0
-6.092490640557531, -6.5766032617216545, 1
-2.6471182619344016, -5.1973678195044695, 1
5.449350863767911, 4.920215177776921, 0
-5.434232511251638, -4.955617943364624, 1
-6.596853809044157, -4.908184642876327, 1
-5.609669587846703, -5.160472109339042, 1
-4.243249179164885, -4.816689140161586, 1
-4.468373396737207, -4.995780908348416, 1
-5.561913867033536, -5.263681624440039, 1
-6.270907259563506, -4.514566611276046, 1
6.492961048358104, 6.6221529917007675, 0
3.986132047549499, 5.122799508798649, 0
5.67781855163868, 4.9032123013501865, 0
-5.742864960965768, -4.090042356607627, 1
4.880677172956179, 6.260050964605798, 0
6.049025504313763, 5.271266456277832, 0
5.934796623875505, 3.8228910471561557, 0
6.149915811174319, 5.237575774748977, 0
6.464387393263014, 4.395199552744657, 0
-4.725628203044274, -4.4030911726818704, 1
-3.9854734783779193, -4.432198974354433, 1
5.804703224377389, 5.64032479601268, 0
4.289406418351034, 5.490748115943875, 0
5.107899207195115, 5.208021969432416, 0
5.611361746497236, 4.654199544372109, 0
5.34739249690375, 5.57159810715312, 0
5.31284304381429, 6.19996873938763, 0
-6.142416055358347, -4.203463595891187, 1
-4.468776056063582, -4.902214794840305, 1
7.20371348189939, 6.778846061590866, 0
-4.972459979041509, -4.470326263196128, 1
-5.534293370719322, -5.752685410760433, 1
-6.744288055473423, -5.056421680334508, 1
4.13903032104072, 5.626959086914479, 0
-3.653793259951898, -6.056684626724994, 1
5.174413721521455, 6.295838346191587, 0
-5.743914236306088, -5.507527174380709, 1
6.5213743055677735, 3.0111783841274224, 0
-4.586653092206719, -4.454294194500119, 1
-5.480005652896816, -6.000593119392588, 1
-5.746226649073286, -3.9708654845541638, 1
4.803767906665042, 6.21897303112032, 0
2.8487714899963295, 3.0335144060496857, 0
-4.907787879734903, -4.249566106750452, 1
-5.804724306966583, -5.522629437910043, 1
5.0498079345897215, 4.38523254165679, 0
-5.312410613963235, -5.758428346422017, 1
3.469480298293341, 7.153950113273318, 0
5.327727200434464, 4.3356712415435625, 0
-5.241150606619324, -4.212487760767209, 1
3.431631271924489, 6.865937660313282, 0
2.410329639978997, 4.507031632673951, 0
-5.775025777964979, -4.88539137810584, 1
5.9134549866174595, 3.92859389011602, 0
4.810976890943525, 3.709848839406427, 0
6.7282883217366525, 4.884059501688163, 0
4.244066726030217, 7.097515514576279, 0
-3.86205648798213, -5.54870998327023, 1
5.631420296700972, 2.8906092341771403, 0
-5.2521366517354755, -6.074916805008714, 1
5.391519179252337, 4.896723781465871, 0
5.230896631363567, 5.80518587019927, 0
-5.842042125018702, -2.1768257161396933, 1
4.648858224731143, 5.010088897724443, 0
-5.320207887069306, -4.4449890411775215, 1
4.897255213802178, 5.394729675081216, 0
-4.676220747628035, -5.722250557864598, 1
5.428079409537751, 4.602329985472259, 0
5.191625286929951, 5.823308443335504, 0
-4.940387537399916, -5.43298820250643, 1
3.745460814780685, 4.5414374316014685, 0
6.0138883111448616, 4.429748559447287, 0
-5.565150111600252, -6.552306648952444, 1
-5.170072929188404, -4.700322798546577, 1
-4.715597817312933, -5.423714075892496, 1
4.46535432206415, 5.561599550221014, 0
-6.182684439802371, -5.6894013247967425, 1
5.414864218602312, 8.673143710763679, 0
6.510390584547988, 4.616353337096939, 0
4.804795024636133, 4.19687455661917, 0
-5.123017471224992, -3.9671687400254854, 1
5.531935981203498, 3.215790092579179, 0
-5.24041209722792, -4.421219408079386, 1
-5.24630649239838, -3.77296691488735, 1
-4.144992112905593, -6.269162910548166, 1
3.913885963932753, 5.970057452519921, 0
3.80462397109273, 5.715134505195936, 0
-5.055874704850386, -3.581597591401894, 1
-4.7416249222753075, -3.709507489622344, 1
4.275926584063923, 5.376146796530568, 0
3.634846250565979, 5.036164437158261, 0
4.424111275015017, 3.90169411894943, 0
6.108415038487967, 5.55845801683639, 0
-5.196692020597366, -5.119182753353314, 1
4.367916531525544, 5.189210816349434, 0
6.752184697573482, 4.039814949220511, 0
-5.713857317979596, -4.208400943747512, 1
4.290254222415504, 3.6337418943619255, 0
5.2802422912472675, 6.7114773033532265, 0
-4.219565661962168, -5.007738964577218, 1
4.421421006575965, 5.667798121610347, 0
-6.45944639624631, -4.328970668361796, 1
-4.195823779468262, -5.0995746076252715, 1
3.1263448749997576, 4.132975671410656, 0
3.7316714050528894, 5.142107537814891, 0
6.614178106343539, 3.970071651276028, 0
-4.381433152972709, -2.679564666925352, 1
6.621716124072593, 4.434681900280905, 0
5.461538896400348, 4.461033655275967, 0
-6.273506486385722, -5.289891902803234, 1
-6.221473786821277, -6.410854801102733, 1
-4.609001112630732, -5.480161995464884, 1
4.437413792029702, 5.975744343527579, 0
-5.631865659301067, -4.454865738915142, 1
3.5783190261883755, 4.642350711237488, 0
4.286635931741262, 5.193093537952384, 0
-6.585287269624842, -6.017300959986018, 1
-3.929279195178159, -5.720247392912492, 1
-4.465909010150257, -5.86673226565693, 1
5.338445336972093, 3.2169099041796327, 0
4.548088890969088, 5.609200204822758, 0
6.083578256229577, 3.5585710108260153, 0
5.35936585637169, 4.494860636372038, 0
6.888523225315322, 4.537577973803791, 0
6.681101872432145, 4.2055460840028065, 0
-4.10462396646508, -4.583648396596192, 1
-5.181849483497493, -5.0903782165573475, 1
5.242459465990237, 5.587518113650506, 0
5.374314332795923, 6.2493953193121135, 0
-5.482021373064885, -4.443935949032005, 1
-6.662860968025042, -5.930347135072626, 1
3.92829485023044, 5.141764490910491, 0
-4.780911633858669, -4.21590263311687, 1
5.8284672531796256, 5.063470350948087, 0
-5.0535481909363575, -4.320686575686041, 1
-5.241396113487878, -5.985972278439028, 1
4.806930762792379, 4.317382834173969, 0
3.0093215350249993, 5.391109107730204, 0
6.207808865535507, 5.3727779938764355, 0
7.625104740641893, 4.503007655214701, 0
5.520775275042207, 6.061805741071536, 0
4.821661045638223, 3.6597104544721235, 0
4.312337676828462, 3.8103643964375142, 0
5.89513640844902, 4.967536314013087, 0
5.482994194085587, 5.562357069481514, 0
-7.300733744853106, -5.329604638889734, 1
6.2133191149506395, 4.403232591906827, 0
4.60629290465787, 4.846257302136125, 0
-4.994797194902279, -6.057556959500364, 1
-4.56036097152648, -7.958076688796839, 1
-5.001605890790946, -4.851659441807316, 1
5.301696823171616, 5.9494308625039745, 0
4.482471781149463, 3.3036806694915564, 0
6.851945368311878, 4.442114287973132, 0
-6.026693227860404, -3.8445550665705728, 1
6.343789572992315, 3.4544862978373865, 0
-3.1840487690787667, -5.841793545470367, 1
-5.310747341251911, -3.9014460847031316, 1
6.817795594444537, 4.653955984544061, 0
6.40214962414035, 6.684167657971614, 0
5.296490320519301, 6.556262843312945, 0
-5.9759322260534855, -5.518593508427404, 1
-5.239999466565385, -4.584762041743244, 1
-6.306712680841708, -6.099348485475479, 1
-4.576348025294079, -4.5197724962406856, 1
5.053001522276876, 5.377644059546066, 0
-4.146509098153387, -2.0439030170899097, 1
5.121277254564759, 6.084309217139186, 0
5.908668290170407, 5.3871459891114695, 0
5.05517120717105, 6.385541968946539, 0
-5.112783370945725, -7.598749498705896, 1
-4.3144444158924875, -4.532230123829579, 1
4.982127807063268, 5.385315296720276, 0
-6.570712588047358, -5.17209752054547, 1
5.2671052581034985, 3.293732052269621, 0
6.454630358604735, 4.250064024901709, 0
-4.010871732560868, -4.428413849807093, 1
-5.115574659070061, -4.512375206414977, 1
4.971162503479692, 6.053133795117954, 0
-4.646928009556867, -5.128710126220901, 1
-5.540027145116568, -4.605064149026185, 1
5.545733400606492, 5.265415775193629, 0
3.5844592907446673, 6.631749395530422, 0
-4.3435220708753, -5.830328082595136, 1
3.335525251829095, 3.7890470077135827, 0
-2.7813875022569454, -5.389031113806451, 1
5.107132928498915, 5.65104378115733, 0
-4.794589612251816, -5.64405390315026, 1
4.77119290561331, 2.8617328067691346, 0
-4.8128776977815075, -2.651690876063975, 1
-5.923078138405335, -5.278468056886308, 1
4.8722460883621705, 3.524763391297229, 0
3.994171267758081, 4.256388276231178, 0
-4.988611954713753, -4.370518119194686, 1
-3.808955958384558, -2.3129567124209314, 1
3.6070566612981647, 4.5118549745383065, 0
-3.8747941271237476, -5.740946042813237, 1
6.449704227101757, 4.671198271688107, 0
-6.150185962484127, -5.318898968179496, 1
-6.587844615340078, -3.9490223476399784, 1
-6.733031941532858, -4.097971499318568, 1
-6.448597069380712, -5.226947715238286, 1
-4.690444701288567, -5.633165119607084, 1
4.438425246464924, 5.391266053424111, 0
4.765418416323807, 3.71614407418115, 0
7.056880495479556, 4.71680993645529, 0
-4.732575294994342, -4.927544007132585, 1
5.12063166167175, 5.357753075626522, 0
-5.745769803786677, -5.207363404516091, 1
4.715180392287787, 5.010346581952001, 0
6.9791049511185825, 5.080864007107636, 0
-5.428924394954204, -6.953946670935783, 1
4.090005407159095, 4.602443102481452, 0
-5.68109476646386, -4.336729038864448, 1
3.9090517736506527, 5.602513141412701, 0
5.363983436360466, 6.831727722362305, 0
5.980438145112571, 4.759714956543823, 0
-5.201277646885252, -4.936815545957668, 1
-4.955913874308408, -5.422254645904104, 1
-4.974026729066401, -5.836634924081188, 1
-4.959679105662306, -7.726539351514983, 1
-4.138499215659657, -6.2683064361939715, 1
-4.049755137987569, -5.628164568656834, 1
4.565975106211292, 5.983070096665959, 0
4.499131047018717, 5.269125510843759, 0
-4.724568660907305, -5.056169080467744, 1
3.806070917552172, 5.704417320117391, 0
-4.573560023799149, -5.781668472004511, 1
4.9184359870325265, 5.689338240462924, 0
-4.50258366949622, -3.9580239562878297, 1
-5.290551271030694, -4.18116232185073, 1
4.918886494462028, 6.004109694696272, 0
5.844861649637339, 5.749866775424177, 0
-6.0975304323524515, -5.218547765810627, 1
-5.345800051679817, -5.953620067106372, 1
4.501980492348125, 4.66804647753974, 0
5.259866619769881, 5.623448930114859, 0
6.802021853737687, 6.294981795556819, 0
5.719037688908892, 5.2819715089249675, 0
4.1955887846161195, 4.417928356134743, 0
-6.042861914972359, -3.6280198558581587, 1
-4.410104501149467, -4.898269696031347, 1
-5.273401904327921, -3.5667987794844955, 1
-4.800405846653588, -3.9910998156736888, 1
-6.07717903421654, -4.234276390678573, 1
-4.651702330684022, -4.972483675054452, 1
-5.7814729759969, -5.773067657523264, 1
5.052638768365333, 4.793652560933825, 0
-6.786983869654886, -6.223291213998856, 1
4.504284711615735, 4.912998111916363, 0
5.1946475737572895, 4.494590090014483, 0
-6.796274968702534, -3.8632446976695656, 1
-3.575537685699503, -3.23985091920635, 1
-3.469076517648964, -5.203899705309607, 1
-5.4920587155930365, -5.222869146944831, 1
-4.604276201841103, -3.5800874721321483, 1
-5.214136172763969, -7.670432531086612, 1
5.198040949967206, 6.127789175554839, 0
-6.153949300872452, -5.1524078553706625, 1
-4.953375380507639, -5.69628913041929, 1
5.397714419083953, 5.719970377408926, 0
5.811352935475714, 3.4881885674666986, 0
-4.354005764500548, -6.414454822741966, 1
5.680979897259147, 3.6516167533047117, 0
-6.101809397321574, -3.445297092803158, 1
-6.8584831819956635, -5.517069267393847, 1
-4.707150143688792, -6.3007550677668975, 1
-6.011115371265623, -5.55141098049025, 1
-4.135637821302042, -4.478922012984304, 1
-5.8732363317986795, -4.176171047973273, 1
6.647249423007871, 6.007750950797231, 0
-6.518392998365622, -5.837936488554933, 1
5.387601099867988, 4.86448404596726, 0
-3.9103045553764355, -4.711376449184231, 1
-5.892746677608693, -6.639032967883797, 1
-5.598608878467668, -4.779662225544437, 1
4.089471549457747, 5.258277392690562, 0
-5.208028475295077, -4.382805719626788, 1
5.664834289141508, 5.85335704744481, 0
5.626294401523122, 3.189805396005263, 0
5.360028431589937, 6.835335262523252, 0
-3.960997109928301, -5.832866945953374, 1
-5.631866664137315, -5.152429555113804, 1
-4.480426116787474, -4.464757862389648, 1
-5.393471921850894, -5.04411021890796, 1
-5.188920609033741, -4.777062267186814, 1
-4.829817556107188, -5.6849184057545985, 1
-6.088626239049745, -5.818126722244556, 1
-3.7653858940307265, -4.884524093317382, 1
5.023925488022042, 4.577120574709736, 0
-6.197697449383386, -4.452539055340433, 1
4.501957234063887, 6.522252312524212, 0
5.015948237776592, 5.006175804371201, 0
-4.967578362187068, -4.068677442148296, 1
7.938203968908084, 4.852442258030036, 0
4.296101102719004, 5.033820464916453, 0
3.0600469754347532, 6.334712481379777, 0
-4.951173980131868, -4.261681598700331, 1
-5.339112984705957, -4.8559899485056865, 1
6.032001834091836, 6.332542512175119, 0
5.04667971706362, 4.597198539163357, 0
7.016638127182073, 4.684931391716399, 0
3.9560991818820024, 2.6756957191108226, 0
-5.200956830519766, -4.501642092549935, 1
4.183137054086355, 5.516245275758236, 0
6.061658485653765, 3.9766486148211984, 0
-4.48997852759274, -5.583535137999218, 1
6.060153651841099, 5.214372127708955, 0
5.746011666103352, 3.5708746485502005, 0
-4.722191207438141, -5.077290413708666, 1
4.10586088372272, 5.44503840032599, 0
5.224232358188266, 6.30870487233757, 0
-3.042166318219161, -5.510441978315587, 1
5.593914003931765, 6.943120646039269, 0
4.43058861983745, 6.537995123193907, 0
5.625504549556966, 6.505405160260894, 0
-5.200216930670358, -2.711723944351876, 1
-4.879167673181162, -5.084062167504122, 1
4.894078954995678, 5.803731834672172, 0
-5.088739131242704, -4.2100981944963545, 1
-4.511207422256818, -5.015620179596102, 1
-5.532908772704402, -6.012332784546209, 1
6.633632083288248, 7.941836035305908, 0
-3.8801506739040628, -6.849630327730635, 1
-5.936338989506801, -5.076662139535204, 1
-4.682240214241853, -5.195725782180502, 1
-5.379568804945693, -6.003804633858959, 1
6.952464528708463, 5.211344886792019, 0
-4.91371834132821, -5.0769329386770154, 1
-5.416891671803746, -4.93362739436991, 1
4.555651938719992, 5.521932325678842, 0
-6.036713260348004, -3.076308386769539, 1
6.509852203055779, 4.326879687048435, 0
4.307290369050236, 4.511518087884957, 0
5.430753920462966, 5.482207418012853, 0
5.13151615892178, 4.778549047566345, 0
5.394979108887411, 4.780799200419709, 0
3.1650127312306506, 4.925349544381902, 0
-5.393206286863245, -4.913370045770446, 1
3.810911465970621, 4.6457283094669, 0
5.818259577771999, 5.780982168174159, 0
5.078842938932991, 5.708674325906888, 0
3.6538837677440563, 4.912105909896132, 0
3.5888376028427666, 5.841883333395965, 0
-5.558700662440399, -4.808883517735391, 1
6.273325763297082, 3.381730373649539, 0
4.398858249962403, 3.6157179869659664, 0
3.544646935365895, 5.523271037597081, 0
-3.4099861168148196, -6.299214877211147, 1
-6.971922162111735, -4.591303371950646, 1
4.949135300704011, 4.049583348169023, 0
-6.4052598294273535, -4.664206376524971, 1
-5.3681275198310905, -5.638205189641374, 1
4.792148157336754, 3.607142564457299, 0
-5.590754339107433, -4.614301563821578, 1
-5.63856856674376, -5.895750014396692, 1
-5.902849867710213, -5.993108523260343, 1
5.443957642764513, 5.567373067772394, 0
5.067020395901978, 3.6499939168290303, 0
6.459899841952883, 3.681104477590657, 0
-4.275964862249339, -4.647026803030553, 1
5.474838164547393, 4.449223371841633, 0
-3.784922796242766, -7.722829753816386, 1
-2.3661161447195616, -4.676740109710739, 1
-5.423823298073718, -5.078720761074781, 1
4.702623363040735, 5.046160953153237, 0
5.357388381251418, 3.89569750778454, 0
-6.108692629772708, -4.987307497233621, 1
-5.809561815023039, -5.819556283602477, 1
3.968815717467092, 5.657070023834449, 0
4.686337115267982, 5.476856671140178, 0
6.278481572540457, 3.7887229573330496, 0
-6.748858756983463, -3.949938385062732, 1
-5.884402575241821, -5.9372304012863015, 1
-5.1975806944644, -4.814658858167146, 1
3.6527487223866033, 5.958400449839346, 0
-2.7903053048462767, -4.0675431772455495, 1
6.197222570185864, 3.1509092349114187, 0
-5.7160340700774865, -4.5373044744003845, 1
-3.90544399513346, -6.311904266897622, 1
5.28409731834471, 4.702046320193708, 0
-5.910943053768172, -3.4405358313800027, 1
-5.748954340926971, -5.455718096861685, 1
-4.601352799366124, -5.926717581092701, 1
-5.1633937716099965, -5.2339750315036975, 1
5.0324386331126805, 5.0922420168194344, 0
5.549746465458275, 4.293649808900169, 0
4.107762636540493, 4.827140828326095, 0
-3.1157629172460064, -4.188878798848424, 1
5.019527339383509, 5.647933324701958, 0
-4.506088742872525, -4.305193747223882, 1
-4.9675100729138695, -5.862063191247295, 1
-7.627582041070606, -5.2551488997764695, 1
4.711546501137189, 3.341615059460751, 0
